author,publishdate,title,description,upvote
Aditya Sharma,2019-04-26,Graphs in Spreadsheets,"In this tutorial, you'll learn how to create visualizations to display data and gain more meaningful insights with spreadsheets.",9
Sayak  Paul,2019-04-24,Cleaning Data in SQL,"In this tutorial, you'll learn techniques on how to clean messy data in SQL, a must-have skill for any data scientist. ",4
Francisco  Javier Carrera Arias,2019-04-19,SQLite in R,"In this tutorial, you will learn about using SQLite, an extremely light-weight Relational database management system (RDBMS) in R.",4
Parul Pandey,2019-04-18,Data Visualization with Power BI,"Learn how to analyze and display data using Power BI and make better, more data-driven decisions.",8
Sayak  Paul,2019-04-17,Aggregate Functions in SQL,Learn how to use aggregate functions for summarizing results and gaining useful insights about data in SQL. ,4
Avinash Navlani,2019-04-12,Introduction to Factor Analysis in Python,"In this tutorial, you'll learn the basics of factor analysis and how to implement it in python.",9
Aditya Sharma,2019-04-08,Pivot Tables in Spreadsheets,"Learn how to organize rows and columns, add values, find the sum of revenue, and finally apply filtering to select a subset of data from a given dataset.",11
Ryan Sheehy,2019-04-08,Video: Answering Real-World Questions with SQL Queries,"In this video tutorial, you'll break down real-world questions to construct complex queries using CASE statements, subqueries, and common table expressions.",5
Sayak  Paul,2019-04-03,CASE Statements in PostgreSQL,"In this tutorial, you'll learn how to write conditional queries in PostgreSQL using the PostgreSQL CASE conditional expression. ",7
Sayak  Paul,2019-03-29,10 Command-line Utilities in PostgreSQL,"In this tutorial, learn about 10 handy command-line utilities in PostgreSQL which can enable you to interact with databases efficiently.",9
Parul Pandey,2019-03-28,SQL with PowerBI,"In this tutorial, you'll learn how to connect PowerBI to a Microsoft SQL Server database and then analyze the data to get insights.",22
Karlijn Willems,2019-03-27,How to Make a Histogram with ggvis in R,Learn how to make a histogram with ggvis. Go from the very basics to creating interactive graphs with shiny to display distributions.,33
Sejal Jaiswal,2019-03-26,Python Data Type Conversion Tutorial,"In this Python tutorial, you'll tackle implicit and explicit data type conversion of primitive and non-primitive data structures with the help of code examples!",43
Adolfo Álvarez,2019-03-25,R Packages: A Beginner's Guide ,An introduction to R packages based on 11 of the most frequently asked user questions. ,41
Francisco  Javier Carrera Arias,2019-03-22,Beginners Guide to SQLite,Learn the basics of SQLite databases from SQLite dot commands to an example of their practical applications using the command line interface.,12
Karlijn Willems,2019-03-21,18 Most Common Python List Questions,"Discover how to create a list in Python, select list elements, the difference between append() and extend(), why to use NumPy and much more.",62
Sayak  Paul,2019-03-20,Introduction to SQL Joins,"In this tutorial, you'll learn about the mechanics of joins in SQL and its different types.",14
Karlijn Willems,2019-03-19,Python Numpy Array Tutorial,"A NumPy tutorial for beginners in which you'll learn how to create a NumPy array, use broadcasting, access values, manipulate arrays, and much more. ",85
Karlijn Willems,2019-03-18,Importing Data Into R - Part Two,"A tutorial on importing data into R. The focus is on reading data from sources like statistical software, databases, webscraping, and more.",16
Sayak  Paul,2019-03-15,Introduction to the Where Clause in SQL,"In this tutorial, you will be introduced to filtering rows in SQL using the where clause.",7
Francisco  Javier Carrera Arias,2019-03-13,Data Wrangling with VLOOKUP in Spreadsheets,"In this tutorial, you will get an overview of how to use the VLOOKUP function and also a basic explanation of INDEX-MATCH.",10
Sayak  Paul,2019-03-12,SQLite in Python,"In this tutorial, you will learn about using SQLite, an extremely light-weight Relational database management system (RDBMS) in Python.",23
Karlijn Willems,2019-03-11,How to Make a Histogram with ggplot2,Learn how to make a histogram with ggplot2 in R. Make histograms in R based on the grammar of graphics.,15
Karlijn Willems,2019-03-08,How to Make a Histogram with Basic R,Tutorial for new R users whom need an accessible and easy-to-understand resource on how to create their own histogram with basic R.,15
Ryan Sheehy,2019-03-07,Video: Intro to Python for Spreadsheet Users,"In this video tutorial, you'll watch the end-to-end automation of a routine spreadsheet task being completed using Python.",33
Ryan Sheehy,2019-03-06,Video: Tidyverse Exploratory Analysis,"In this video tutorial, you'll be given a brief introduction to the concept of the tidyverse and then walk through an exploratory analysis.",9
Parul Pandey,2019-03-05,SQL with Tableau,"In this tutorial, you will learn how to connect Tableau to a Microsoft SQL Server database and then analyze the data to get insights.",17
Sayak  Paul,2019-03-04,Introduction to the ALTER TABLE Statement in SQL,"In this tutorial, you will learn how to use and apply the ALTER TABLE statement in SQL.",13
Avinash Navlani,2019-03-01,Views (Virtual Tables) in SQL,"In this tutorial, you will learn what views are, the different types available, and the pros and cons of using them.",16
Adam Spannbauer,2019-02-28,Intro to Multiple Inheritance & super(),"A Pythonista's introductory guide to multiple inheritance, the super() function, & how to navigate the diamond problem.",8
Sayak  Paul,2019-02-27,Using ORDER BY Keyword in SQL,"In this tutorial, you will learn how to use and apply the ORDER BY keyword in SQL.",10
Karlijn Willems,2019-02-25,Python Machine Learning: Scikit-Learn Tutorial,An easy-to-follow scikit-learn tutorial that will help you get started with Python machine learning. ,134
Sayak  Paul,2019-02-22,Installing PostgreSQL on Windows and Mac OS X,"In this tutorial, you will learn how to install PostgreSQL on two different operating systems - Windows and Mac. ",10
Parul Pandey,2019-02-21,Spreadsheets with Tableau,"In this tutorial, you will learn how to analyze and display spreadsheet data using Tableau and make more data-driven decisions.",25
Sayak  Paul,2019-02-15,Working with Spreadsheets in SQL,"In this tutorial, learn how to import a spreadsheet into PostgreSQL and perform analysis on it. ",11
Ryan Sheehy,2019-02-14,Getting Started with Spreadsheets,This tutorial will give you a basic understanding of the terminology in spreadsheets along with learning how to create a basic table.,8
Karlijn Willems,2019-02-13,Python Functions Tutorial,"A tutorial on functions in Python that covers how to write functions, how to call them, and more!",77
Karlijn Willems,2019-02-12,keras: Deep Learning in R,"In this tutorial to deep learning in R with RStudio's keras package, you'll learn how to build a Multi-Layer Perceptron (MLP).",74
Sayak  Paul,2019-02-07,Managing Databases in PostgreSQL,"In this tutorial, you will learn how to create, drop and select a database in SQL.",12
Francisco  Javier Carrera Arias,2019-02-06,Fuzzy String Matching in Python,"In this tutorial, you will learn how to approximately match strings and determine how similar they are by going over various examples.",48
Sayak  Paul,2019-02-05,Beginner's Guide to PostgreSQL,"In this tutorial, you will learn how to write simple SQL queries in PostgreSQL. ",16
Karlijn Willems,2019-02-04,Keras Tutorial: Deep Learning in Python,"This Keras tutorial introduces you to deep learning in Python: learn to preprocess your data, model, evaluate and optimize neural networks. ",204
Carlo Fanara,2019-02-01,A Tutorial on Using Functions in R!,"The tutorial highlights what R functions are, user defined functions in R, scoping in R, making your own functions in R, and much more.",32
Sejal Jaiswal,2019-01-31,Python time.sleep() Function,"In this tutorial, you will learn how the time.sleep() function operates and how to apply it in your program.",12
Avinash Navlani,2019-01-30,GROUP BY and HAVING Clause in SQL ,"In this tutorial, you will learn about the GROUP BY and HAVING Clause along with going over examples on how to put them to use.",24
Karlijn Willems,2019-01-29,15 Questions All R Users Have About Plots,"There are different types of R plots, ranging from the basic graph types to complex types of graphs. Here we discover how to create these.",19
Michael Ritchie,2019-01-28,Reducing Rework as a SQL Data Analyst,"In this tutorial, you will learn how to maximize your time in SQL to become more productive.",25
Karlijn Willems,2019-01-23,Python For Finance: Algorithmic Trading,"This Python for Finance tutorial introduces you to algorithmic trading, and much more.",393
Avinash Navlani,2019-01-18,Neural Network Models in R,"In this tutorial, you will learn how to create a Neural Network model in R.",34
Karlijn Willems,2019-01-17,SQL Tutorial: How To Write Better Queries,"Learn about anti-patterns, execution plans, time complexity, query tuning, and optimization in SQL.",129
Karlijn Willems,2019-01-16,TensorFlow Tutorial For Beginners,"Learn how to build a neural network and how to train, evaluate and optimize it with TensorFlow",308
Carlo Fanara,2019-01-15,Tutorial on the R Apply Family,"In this tutorial, you'll learn about the use of the apply functions in R, its variants, and a few of its relatives applied to different data structures.",90
Karlijn Willems,2019-01-14,Pandas Tutorial: DataFrames in Python,"Explore data analysis with Python. Pandas DataFrames make manipulating your data easy, from selecting or replacing columns and indices to reshaping your data.",193
Hafsa Jabeen,2019-01-11,Making Web Crawlers Using Scrapy for Python,"Develop web crawlers with Scrapy, a powerful framework for extracting, processing, and storing web data.",31
Karlijn Willems,2019-01-09,Jupyter Notebook Tutorial: The Definitive Guide,"This tutorial explains how to install, run, and use Jupyter Notebooks for data science, including tips, best practices, and examples.",284
Debbie Liske,2019-01-09,Lyric Analysis: Predictive Analytics using Machine Learning with R,"In this tutorial, you'll learn how to use predictive analytics to classify song genres.",36
Nishant Singh,2019-01-04,Hypothesis Testing in Machine Learning,"In this tutorial, you'll learn about the basics of Hypothesis Testing and its relevance in Machine Learning.",13
Avinash Navlani,2018-12-28,Decision Tree Classification in Python,"In this tutorial, learn Decision Tree Classification, attribute selection measures, and how to build and optimize Decision Tree Classifier using Python Scikit-learn package.",30
Sayak  Paul,2018-12-26,Beginner's Guide to Google's Vision API in Python,"Learn what Vision API is and what are all the things that it offers. By the end of this tutorial, you will also learn how you can call Vision API from your Python code.",17
Karlijn Willems,2018-12-21,Reading and Importing Excel Files into R,R Tutorial on Reading and Importing Excel Files into R. Understand how to read and import spreadsheet files using basic R and packages.,53
Nishant Singh,2018-12-21,Overview of Encoding Methodologies,"In this tutorial, you will get a glimpse of encoding techniques along with
some advanced references that will help you tackle categorical variables.",7
Paulo Henrique Vasconcellos,2018-12-21,Top 5 Python IDEs For Data Science,The best Python IDEs for data science that make data analysis and machine learning easier!,115
Parul Pandey,2018-12-20,Face Detection with Python using OpenCV,This tutorial will introduce you to the concept of object detection in Python using OpenCV library and how you can utilize it to perform tasks like Facial detection.,15
Avinash Navlani,2018-12-20,Customer Lifetime Value,"In this tutorial, learn how to calculate Customer Lifetime Value in Python.",16
Sayak  Paul,2018-12-19,Understanding Recursive Functions in Python,"In this tutorial, learn about the different aspects of recursive functions and implement a recursive function in Python from scratch. ",12
Sayak  Paul,2018-12-18,Introduction to Indexing in SQL,"In this tutorial, learn about indexing in databases and different types of indexing techniques. ",30
Hafeezul Kareem Shaik,2018-12-18,Property vs. Getters and Setters in Python ,"In this tutorial, you will learn what the difference is between Python Property and Getters & Setters. ",7
Łukasz Deryło,2018-12-13,Contingency Tables in R,"In this tutorial, you'll learn how to create contingency tables and how to test and quantify relationships visible in them.",16
Hafeezul Kareem Shaik,2018-12-13,Getting Started with MySQL in Python,"In this tutorial, you'll learn how to install MySQL, create databases, and create tables, along with much more.",11
Olivia Smith,2018-12-12,GIT SETUP: The Definitive Guide,"In this tutorial, you'll learn how to set up Git on your computer in different operating systems.",15
Aditya Sharma,2018-12-12,Introduction to Deep Learning in Python,Learn the basics of deep learning and neural networks along with some fundamental concepts and terminologies used in deep learning.,27
Nishant Singh,2018-12-11,Introduction to H2O AutoML,"In this tutorial, you will learn about H2O and have a glimpse of its autoML functionality.",13
Patrick David,2018-12-11,"Stocks, Significance Testing & p-Hacking","Learn how to manipulate time series data with pandas and conduct significance testing through simulation using Python, to analyze stock market volatility.",13
Derrick Mwiti,2018-12-10,Introduction to Python Metaclasses,"In this tutorial, learn what metaclasses are, how to implement them in Python, and how to create custom ones.",17
Kyle O'Shea,2018-12-05,Shareable Data Science with Kyso,"In this tutorial, you’ll learn how to create publishable and reproducible data science studies on Kyso’s platform, using interactive plotly visualizations. ",17
Avinash Navlani,2018-12-04,Naive Bayes Classification using Scikit-learn,Learn how to build and evaluate a Naive Bayes Classifier using Python's Scikit-learn package.,24
Anubhav Singh,2018-11-30,Introduction to Reinforcement Learning,"In this tutorial, you'll learn the basic concepts and terminologies of reinforcement learning. At the end of the tutorial, we'll discuss the epsilon-greedy algorithm for applying reinforcement learning based solutions.",25
Michał Oleszak,2018-11-29,"Regularization: Ridge, Lasso and Elastic Net","In this tutorial, you will get acquainted with the bias-variance
trade-off problem in linear regression and how it can be solved with
regularization.",36
Hafeezul Kareem Shaik,2018-11-29,Working With Zip Files In Python,"In this tutorial, you are going to learn how to work with Zip Files in Python using the zipfile module. zipfile is a Python built-in module.",7
Sayak  Paul,2018-11-28,Automated Machine Learning with Auto-Keras,Learn about automated machine learning and how it can be done with auto-keras.,14
Aditya Sharma,2018-11-27,Introduction to Machine Learning in Python,"In this tutorial, you will be introduced to the world of Machine Learning (ML) with Python. To understand ML practically, you will be using a well-known machine learning algorithm called K-Nearest Neighbor (KNN) with Python.",33
Nishant Singh,2018-11-26,Comparison of BI and Analytics Platforms,"In this tutorial, you will learn about different factors that are taken
into consideration before choosing your Analytics Platform both at the
organization and individual level.",8
Sejal Jaiswal,2018-11-21,Overview of Atom IDE,"In this tutorial, you'll learn the importance of IDEs, how to set-up Atom, and download packages.",10
Carlo Fanara,2018-11-20,A Tutorial on Loops in R - Usage and Alternatives,A tutorial on loops in R that looks at the constructs available in R for looping. Discover alternatives using R's vectorization feature.,47
Karlijn Willems,2018-11-20,This R Data Import Tutorial Is Everything You Need,Comprehensive and easy R Data Import tutorial covering everything from importing simple text files to the more advanced SPSS and SAS files.,41
Karlijn Willems,2018-11-20,Machine Learning in R for beginners,This small tutorial is meant to introduce you to the basics of machine learning in R: it will show you how to use R to work with KNN.,84
Avinash Navlani,2018-11-20,AdaBoost Classifier in Python,"Understand the ensemble approach, working of the AdaBoost algorithm and learn AdaBoost model building in Python.",15
Aditya Sharma,2018-11-15,Differences Between Machine Learning & Deep Learning,"In this tutorial, you'll get an overview of Artificial Intelligence (AI) and take a closer look in what makes Machine Learning (ML) and Deep Learning different.",58
Sayak  Paul,2018-11-14,Simplifying Sentiment Analysis in Python,Learn the basics of sentiment analysis and how to build a simple sentiment classifier in Python.,27
Asael Alonzo Matamoros,2018-11-09,Introduction to Monte Carlo Methods,"In this tutorial, the reader will learn the Monte Carlo methodology and its applications in data science, like integral approximation, and parameter estimation.",51
Derrick Mwiti,2018-11-02,JSON Data in Python,"In this tutorial, you'll learn how to use JSON in Python.",24
Sayak  Paul,2018-10-31,Essentials of Linear Regression in Python,Learn what formulates a regression problem and how a linear regression algorithm works in Python.,34
Derrick Mwiti,2018-10-30,Introduction to MongoDB and Python,"In this tutorial, you'll learn how to integrate MongoDB with your Python applications.",20
Tom Jeon,2018-10-29,Merging Datasets in R,"In this tutorial, you'll learn to join multiple datasets in R.",6
Hafeezul Kareem Shaik,2018-10-26,Role of Underscore(_) in Python,"In this tutorial, you're going to learn about the uses of underscore(_) in python. ",13
Sayak  Paul,2018-10-25,Turning Machine Learning Models into APIs in Python,Learn to how to create a simple API from a machine learning model in Python using Flask.,69
Duong Vu,2018-10-24,Introduction to Geospatial Data in Python,"In this tutorial, you will use geospatial data to plot the path of Hurricane Florence from August 30th to September 18th. ",44
Hafsa Jabeen,2018-10-23,Stemming and Lemmatization in Python,This tutorial covers the introduction to Stemming & Lemmatization used in Text and Natural Language Processing.,16
Manish Pathak,2018-10-19,Probability Distributions in Python,"In this tutorial, you'll learn about commonly used probability distributions in machine learning literature.",47
Ryan Sheehy,2018-10-18,Autocorrelation in R,Practice autocorrelation in R by using course material from DataCamp's Introduction to Time Series Analysis course.,10
Ryan Sheehy,2018-10-18,Basic Programming Skills in R,Practice basic programming skills in R by using course material from DataCamp's free Model a Quantitative Trading Strategy in R course.,7
Salin Kc,2018-10-18,Time Series Analysis using R,Learn Time Series Analysis with R along with using a package in R for forecasting to fit the real-time series to match the optimal model.,26
Hafeezul Kareem Shaik,2018-10-17,Introduction To GUI With Tkinter In Python,"In this tutorial, you are going to learn how to create GUI apps in Python. You'll also learn about all the elements needed to develop GUI apps in Python.",34
Derrick Mwiti,2018-10-16,Decorators in Python,"In this tutorial, learn how to implement decorators in Python.",20
Hillary Green-Lerman,2018-10-16,Hacking Date Functions in SQLite,"In this tutorial, learn how to use date functions in SQLite.",6
Ryan Sheehy,2018-10-15,Ordering and Subsetting Factors,This tutorial takes course material from DataCamp's Introduction to R for Finance course and allows you to practice ordering and subsetting factors.,5
Ryan Sheehy,2018-10-15,Introduction to Data frames in R,This tutorial takes course material from DataCamp's Introduction to R course and allows you to practice data frames. ,5
Sayak  Paul,2018-10-15,Introduction to Cyclical Learning Rates,Learn what cyclical learning rate policy is and how it can improve the training of a neural network.,13
Hillary Green-Lerman,2018-10-15,Supercharge Your Subqueries,"In this tutorial, you'll learn how to create subqueries in SQL to better analyze and report data.",9
Ryan Sheehy,2018-10-15,Understanding Confusion Matrix in R,This tutorial takes course material from DataCamp's Machine Learning Toolbox course and allows you to practice confusion matrices in R.,7
Ryan Sheehy,2018-10-15,Data Frames in R,This tutorial takes course material from DataCamp's Introduction to R for Finance course and allows you to practice Data Frames.,4
Luke Hayden,2018-10-12,Facets for ggplot in R,"In this tutorial, you'll learn how to make the most of ggplots facetting functions.",8
Rohit Peesa,2018-10-11,Machine Learning Black Friday Dataset,"In this tutorial, you will gain knowledge on filling null values, preprocessing data, reducing dimensionality using PCA, and split data using K-Fold.",26
Samip Kartha,2018-10-10,Using PostgreSQL in Python,"In this tutorial, you will be learning about the database in Python, with a few examples in PostgreSQL Database.",10
Avinash Navlani,2018-10-09,Latent Semantic Analysis using Python,"In this tutorial, you will learn how to discover the hidden topics from given documents using Latent Semantic Analysis in python.",15
Łukasz Deryło,2018-10-09,Bootstrap in R,"In this tutorial, you will learn how to use the boot package to obtain different types of bootstrapped confidence intervals. ",14
Tom Jeon,2018-10-08,Subsetting Datasets in R,Subsetting datasets is a crucial skill for any data professional. Learn and practice subsetting data in this quick interactive tutorial!,8
Vedabrata Basu,2018-10-05,Contingency Analysis using R,"In this tutorial, you'll learn with the help of an example how ""Contingency Analysis"" or ""Chi-square test of independence"" works and also how efficiently we can perform it using R.",37
Sayak  Paul,2018-10-04,Diving Deep with Imbalanced Data,Learn the techniques to deal with an imbalanced dataset.,12
Amita Kapoor,2018-10-02,Social Network Analysis in Python,Networks today are part of our everyday life. Let's learn how to visualize and understand a social network in Python using Networks.,32
Ryan Sheehy,2018-09-28,Using Regular Expressions to Clean Strings,This tutorial takes course material from DataCamp's Cleaning Data in Python course and allows you to clean strings using regular expressions.,5
Sayak  Paul,2018-09-27,Demystifying Crucial Statistics in Python,Learn about the basic statistics required for Data Science and Machine Learning in Python.,41
Ryan Sheehy,2018-09-27,Factor Levels in R,This tutorial takes course material from DataCamp's free Intro to R course and allows you to practice Factors.,11
Ryan Sheehy,2018-09-27,Creating a List in R,Practice Lists in R by using course material from DataCamp's Intro to R course.,7
Avinash Navlani,2018-09-26,Introduction to Customer Segmentation in Python,"In this tutorial, you're going to learn how to implement customer segmentation using RFM(Recency, Frequency, Monetary) analysis from scratch in Python.  ",27
Ryan Sheehy,2018-09-26,For Loops in R,Practice For Loops in R by using course material from DataCamp's Intermediate R for Finance course.,11
Sayak  Paul,2018-09-25,Beginner's Guide to Feature Selection in Python,Learn about the basics of feature selection and how to implement and investigate various feature selection techniques in Python.,29
Parul Pandey,2018-09-24,Data Visualisation with Tableau,"In this tutorial, you will learn how to analyze and display data using Tableau and make better, more data-driven decisions. ",48
Nishant Singh,2018-09-21,Debug With debugr,"In this tutorial, you will learn about debugging in R and Rstudio using the debugr package.",6
Manish Pathak,2018-09-21,TPOT in Python,"In this tutorial, you will learn how to use a very unique library in python, tpot . The reason why this library is unique is that it automates the entire Machine Learning pipeline and provides you with the best performing machine learning model.",35
Manish Pathak,2018-09-19,Joining DataFrames in Pandas,"In this tutorial, you’ll learn various ways in which multiple DataFrames could be merged in python using Pandas library.",25
Aron Manning,2018-09-18,Docstrings in Python,"Get introduced to Docstrings in Python. Learn more about the different types of writing Docstrings, such as One-line Docstrings and Multi-line Docstrings, popular Docstring formats with their uses. Along with the built-in Docstrings.",12
Sheraz Salahuddin,2018-09-17,Using Python BeautifulSoup to scrape DataCamp Tutorials & Analyze,"In this tutorial, we are going to scrape the tutorials section of the DataCamp website and try to get some insights.",31
Hafeezul Kareem Shaik,2018-09-14,Web Development with Django,"In this tutorial, you're going to learn about the Django Python Web framework. You will learn Django by creating a Voting Web App entirely using the Django.",29
Manish Pathak,2018-09-13,Introduction to t-SNE,"In this tutorial, you’ll learn about the recently discovered Dimensionality Reduction technique known as t-Distributed Stochastic Neighbor Embedding (t-SNE).",24
Sayak  Paul,2018-09-12,Investigating Tensors with PyTorch,"In this tutorial, you'll learn about Tensors, PyTorch, and how to create a simple neural network with PyTorch.",22
Sejal Jaiswal,2018-09-12,Lists: N-Sized Chunks,"In this tutorial, you shall work with lists and learn an efficient way to divide arbitrarily sized lists into chunks of a given size.",5
Hafsa Jabeen,2018-09-11,SQL: Reporting and Analysis,"Master SQL for Data Reporting & daily data analysis by learning how to select, filter & sort data, customize output, & how you can report aggregated data from a database!",38
Ahmed Gad,2018-09-11,Deduce the Number of Layers and Neurons for ANN,There is an optimal number of hidden layers and neurons for an artificial neural network (ANN). This tutorial discusses a simple approach for determining the optimal numbers for layers and neurons for ANN's.,19
Avinash Navlani,2018-09-07,Understanding Logistic Regression in Python,"Learn about Logistic Regression, its basic properties, and build a machine learning model on a real-world application in Python.",25
Sayak  Paul,2018-09-06,Ensemble Learning in Python,"In this tutorial, you'll learn what ensemble is and how it improves the performance of a machine learning model.",26
Michał Oleszak,2018-09-05,Visualize Missing Data with VIM Package,Learn to use data visualization tools provided by the VIM package to gain quick insights into the missing data patterns.,15
Avinash Navlani,2018-09-04,Text Analytics for Beginners using NLTK,Learn How to analyze text using NLTK. Analyze people's sentiments and classify movie reviews.,34
Hadrien Jean,2018-09-04,Machine Learning Basics - The Norms,Learn linear algebra through code and visualization.,16
,2018-08-31,Tidyverse Soccer Score Analysis,"In this tutorial, we'll use tidyr, dplyr, and ggplot2 to visualize a season of soccer scores, and investigate trends in the time of goals scored and conceded.",9
Francisco  Javier Carrera Arias,2018-08-30,Markov Chain Analysis in R,"In this tutorial, you'll learn what Markov chain is and use it to analyze sales velocity data in R.",16
Sayak  Paul,2018-08-29,Towards Preventing Overfitting: Regularization,Learn the basics of Regularization and how it helps to prevent Overfitting. ,24
Elliot Hershberg,2018-08-28,Tidy Analysis of Pew Research Data Using R,"Learn how to access data from the Pew Research Center, load it into R & then how to explore the data using the Tidyverse ecosystem.",9
J. Andrés Pizarro,2018-08-28,Python Setup: The Definitive Guide,"In this tutorial, you'll learn how to set up your computer for Python development, and explain the basics for having the best application lifecycle.",22
Nishant Singh,2018-08-27,Detect Anomalies with Anomalize in R,Learn how to detect anomalies in large time series data sets and present insights in a much simpler way.,6
Théo Vanderheyden,2018-08-24,Operators in Python,"This tutorial covers the different types of operators in Python, operator overloading, precedence and associativity.",12
Minoo Ashtiani,2018-08-23,Introduction to Bioconductor,Learn how to perform computational and statistical analysis on the results of your biological experiment.,13
James Le,2018-08-22,Support Vector Machines in R,"In this tutorial, you'll try to gain a high-level understanding of how SVMs work and then implement them using R.",14
Saneep Khatri,2018-08-21,Analyzing Complexity of Code through Python,"Get introduced to Asymptotic Analysis. Learn more about the complexity of the algorithm as well as asymptotic notation, such as Big O, Big θ, and Big Ω notation. Along with the examples of complexity in a different algorithm.",13
Hafsa Jabeen,2018-08-21,Market Basket Analysis using R,Learn about Market Basket Analysis & the APRIORI Algorithm that works behind it. You'll see how it is helping retailers boost business by predicting what items customers buy together.,39
Nishant Singh,2018-08-20,Data Visualization with Highcharter in R,Learn how to use Highcharter to create a visualization that creates a buzz.,8
Kyle Weller,2018-08-17,Remote Python and R in SQL,Learn how to remotely send R and Python execution to a SQL Server from Jupyter Notebooks.,8
Derrick Mwiti,2018-08-16,Dash for Beginners,Learn how to build dashboards in Python using Dash.,33
Sayak  Paul,2018-08-15,Hyperparameter Optimization in Machine Learning Models,This tutorial covers what a parameter and a hyperparameter are in a machine learning model along with why it is vital in order to enhance your model’s performance.,23
Avinash Navlani,2018-08-14,Predicting Employee Churn in Python,"Analyze employee churn. Find out why employees are leaving the company, and learn to predict who will leave the company.",29
Rohit Peesa,2018-08-13,Datasets from Images,"This tutorial will demonstrate how you can make datasets in CSV format from images and use them for Data Science, on your laptop.",12
Luke Hayden,2018-08-09,Principal Component Analysis in R,"In this tutorial, you'll learn how to use PCA to extract data with many variables and create visualizations to display that data.",91
Sejal Jaiswal,2018-08-08,"Python IF, ELIF, and ELSE Statements","In this tutorial, you will learn exclusively about Python if else statements.",11
Duong Vu,2018-08-07,Generating WordClouds in Python,Learn how to perform Exploratory Data Analysis for Natural Language Processing using WordCloud in Python.,60
Keith Singleton,2018-08-07,MeetUp API,"In this tutorial, you’ll learn how to pull data directly from MeetUp’s API using Python and write it into a JSON.",8
Aditya Sharma,2018-08-06,Image Super-Resolution using Multi-Decoder Framework,"In this tutorial, you’ll implement a medical imaging using deep learning paper with Python in Keras.",9
Sayak  Paul,2018-08-03,DBSCAN: A Macroscopic Investigation in Python,"Cluster analysis is an important problem in data analysis. Data scientists use clustering to identify malfunctioning servers, group genes with similar expression patterns, or various other applications.",15
Avinash Navlani,2018-08-02,KNN Classification using Scikit-learn,Learn K-Nearest Neighbor(KNN) Classification and build KNN classifier using Python Scikit-learn package.,24
Michael Galarnyk,2018-08-01,Installing Anaconda on Windows,"This tutorial will demonstrate how you can install Anaconda, a powerful package manager, on Microsoft Windows.",15
Abhishek Kasireddy,2018-07-31,Scraping Reddit with Python and BeautifulSoup 4,"In this tutorial, you'll learn how to get web pages using requests, analyze web pages in the browser, and extract information from raw HTML with BeautifulSoup.",17
Carlos Zelada,2018-07-31,Bivariate Distribution Heatmaps in R,"Learn how to visually show the relationship between two features, how they interact with each other, and where data points are concentrated.",12
Kyle Weller,2018-07-30,How to Execute Python/R in SQL,"After reading this tutorial, you'll know how to embed R & Python scripts in T-SQL statements & know what data types are used to pass data between SQL & Python/R.",10
Sicelo Masango,2018-07-26,Web Scraping using Python,"In this tutorial, you'll learn how to extract data from the web, manipulate and clean data using Python's Pandas library, and data visualize using Python's Matplotlib library.",100
kumarnishant,2018-07-25,Working with Modules in Python,Modules enable you to split parts of your program in different files for easier maintenance and better performance.,11
Sejal Jaiswal,2018-07-24,Python List Index(),"In this tutorial, you will learn exclusively about the index() function.",20
Manish Pathak,2018-07-24,Hierarchical Clustering in R,"Clustering is the most common form of unsupervised learning, a type of machine learning algorithm used to draw inferences from unlabeled data.",20
Aditya Sharma,2018-07-20,Autoencoder as a Classifier using Fashion-MNIST Dataset,"In this tutorial, you will learn & understand how to use autoencoder as a classifier in Python with Keras. You'll be using Fashion-MNIST dataset as an example.",11
Aditya Sharma,2018-07-19,Detecting True and Deceptive Hotel Reviews using Machine Learning,"In this tutorial, you’ll use a machine learning algorithm to implement a real-life problem in Python. You will learn how to read multiple text files in python, extract labels, use dataframes and a lot more!",33
Eladio Montero Porras,2018-07-18,Linear Regression in R,"In this tutorial, you will learn the basics behind a very popular statistical model; the linear regression.",30
Lars Hulstaert,2018-07-17,Common data science pitfalls & how to avoid them!,"In this tutorial, you'll learn about some pitfalls you might experience when working on data science projects ""in the wild"".",17
Avinash Navlani,2018-07-12,Support Vector Machines with Scikit-learn,"In this tutorial, you'll learn about Support Vector Machines, one of the most popular and widely used supervised machine learning algorithms.",22
Lars Hulstaert,2018-07-11,Understanding Model Predictions with LIME,Learn about Lime and how it works along with the potential pitfalls that come with using it.,10
Manish Pathak,2018-07-10,Using XGBoost in Python,XGBoost is one of the most popular machine learning algorithm these days. Regardless of the type of prediction task at hand; regression or classification.,47
Filip Schouwenaars,2018-07-09,Continuous deployment of package documentation with pkgdown and Travis CI,Follow these simple steps to enable continuous deployment of your package documentation.,9
Sayak  Paul,2018-07-05,K-Means Clustering in Python with scikit-learn,Learn about the inner workings of the K-Means clustering algorithm with an interesting case study.,33
kumarnishant,2018-07-03,Exception and Error Handling in Python,"Error handling increases the robustness of your code, which guards against potential failures that would cause your program to exit in an uncontrolled fashion.",9
Théo Vanderheyden,2018-06-28,Scope of Variables in Python Tutorial,"In this tutorial, you will learn about Python's scope of variables, the global and nonlocal keywords, closures and the LEGB rule.",14
Aditya Sharma,2018-06-27,Reconstructing Brain MRI Images Using Deep Learning (Convolutional Autoencoder),"In this tutorial, you'll learn & understand how to read nifti format brain magnetic resonance imaging (MRI) images, reconstructing them using convolutional autoencoder.",17
Michael Galarnyk,2018-06-27,Setup a Data Science Environment on your Computer,"Learn about the various options you have to setup a data science environment with Python, R, Git, and Unix Shell on your local computer.",33
Aditya Sharma,2018-06-26,Reconstructing Fingerprint Images Using Deep Learning (Convolutional Autoencoder),"In this tutorial, you will learn and understand how to read jpeg format fingerprint images, reconstructing them using convolutional autoencoder.",11
Debbie Liske,2018-06-21,Machine Learning and NLP using R: Topic Modeling and Music Classification,"In this tutorial, you will build four models using Latent Dirichlet Allocation (LDA) and K-Means clustering machine learning algorithms.",48
Deepak Jhanji,2018-06-20,Predicting the Status of H-1B Visa Applications,Learn how you can predict the status of a H-1B visa application with Machine Learning in Python.,15
James Le,2018-06-19,Decision Trees in R,"Learn all about decision trees, a form of supervised learning used in a variety of ways to solve regression and classification problems.",31
Sejal Jaiswal,2018-06-13,The Pip Python Package Manager,"Learn about Pip, a powerful tool that helps you properly manage distribution packages in Python.",17
Jason Graham,2018-06-12,Using Python to Power Spreadsheets in Data Science,"Learn how Python can be used more effectively than Excel, with the Pandas package.",95
Tom Jeon,2018-06-08,Converting Strings to Dates as datetime Objects,Learn how to convert strings to datetime objects in Python and why doing so has become standard practice for working data scientists today.,28
Thushan Ganegedara,2018-06-06,TensorBoard Tutorial,"Visualize the training parameters, metrics, hyperparameters or any statistics of your neural network with TensorBoard!",31
Michael Galarnyk,2018-06-05,Installing Anaconda on Mac OS X,"This tutorial will demonstrate how you can install Anaconda, a powerful package manager, on your Mac.",19
Steph Howson,2018-05-30,Custom Templates for Jupyter Notebooks with Jinja2,Learn how to create custom export templates for your Jupyter Notebooks using Jinja2.,17
Michael Galarnyk,2018-05-29,Python Sets and Set Theory,"Learn about Python sets: what they are, how to create them, when to use them, built-in functions, and their relationship to set theory operations.",32
Michael Galarnyk,2018-05-23,How to Install and Use Homebrew,"Discover Homebrew for data science: learn how you can use this package manager to install, update, and remove technologies such as Apache Spark and Graphviz.",15
Manish Pathak,2018-05-22,Handling Categorical Data in Python,Learn the common tricks to handle categorical data and preprocess it to build machine learning models!,72
Mauricio Vargas,2018-05-17,"How to install R on Windows, Mac OS X and Ubuntu",This is a beginner guide that is designed to save yourself a headache and valuable time if you decide to install R yourself.,22
Avinash Navlani,2018-05-16,Understanding Random Forests Classifiers in Python,"Learn about Random Forests and build your own model in Python, for both classification and regression.",45
Tom Jeon,2018-05-09,Pandas Tutorial: Importing Data with read_csv(),Importing data is the first step in any data science project. Learn why today's data scientists prefer pandas' read_csv() function to do this.,54
Stefan Hosein,2018-05-09,Demystifying Generative Adversarial Nets (GANs),Learn what Generative Adversarial Networks are without going into the details of the math and  code a simple GAN that can create digits!,45
Kim Kwonhyun,2018-05-08,Long to Wide Data in R,Learn why you would transform your data from a long to a wide format and vice versa and explore how to do this in R with melt() and dcast()!,24
Thushan Ganegedara,2018-05-03,Stock Market Predictions with LSTM in Python,Discover Long Short-Term Memory (LSTM) networks in Python and how you can use them to make stock market predictions!,103
Sejal Jaiswal,2018-05-01,Markov Chains in Python: Beginner Tutorial,"Learn about Markov Chains, their properties, transition matrices, and implement one yourself in Python!",83
Daniel Schuette,2018-04-26,Survival Analysis in R For Beginners,"In this tutorial, you'll learn about the statistical concepts behind survival analysis and you'll implement a real-world application of these methods in R.",93
Francisco Lima,2018-04-26,GFLASSO: Graph-Guided Fused LASSO in R,Explore graph-structured multi-task regression with the GFLASSO  R package with this tutorial!,9
Elias Dabbas,2018-04-24,Absolute and Weighted Frequency of Words in Text,"In this tutorial, you'll learn about absolute and weighted word frequency in text mining and how to calculate it with defaultdict and pandas DataFrames.",12
Lars Hulstaert,2018-04-19,A Beginner's Guide to Object Detection,"Explore the key concepts in object detection and learn how they are implemented in SSD and Faster RCNN, which are available in the Tensorflow Detection API.",55
Minoo Ashtiani,2018-04-17,Network Analysis in R: Centrality Measures,"Explore the definition of centrality, learn what different types of centrality measures exist in network analysis and pick the best one for a given network!",34
Hafsa Jabeen,2018-04-11,Reading and Writing Files in Python Tutorial,"Learn how to open, read and write data into flat files, such as JSON and text files, as well as binary files in Python with the io and os modules.",37
James Le,2018-04-10,Logistic Regression in R Tutorial,"Discover all about logistic regression: how it differs from linear regression, how to fit and evaluate these models it in R with the glm() function and more!",69
Hugo Bowne-Anderson,2018-04-10,Getting Started with the Tidyverse: Tutorial,"Start analyzing titanic data with R and the tidyverse: learn how to filter, arrange, summarise, mutate and visualize your data with dplyr and ggplot2!",30
Théo Vanderheyden,2018-04-05,Pickle in Python: Object Serialization,"Discover the Python pickle module: learn about serialization, when (not) to use it, how to compress pickled objects, multiprocessing, and much more!",52
Aditya Sharma,2018-04-04,Implementing Autoencoders in Keras: Tutorial,"In this tutorial, you'll learn more about autoencoders and how to build convolutional and denoising autoencoders with the notMNIST dataset in Keras.",48
Debbie Liske,2018-03-29,Tidy Sentiment Analysis in R,"Learn how to perform tidy sentiment analysis in R on Prince's songs, sentiment over time, song level sentiment, the impact of bigrams, and much more!",88
Théo Vanderheyden,2018-03-28,Python Object-Oriented Programming (OOP): Tutorial,"Tackle the basics of Object-Oriented Programming (OOP) in Python: explore classes, objects, instance methods, attributes and much more!",108
Sejal Jaiswal,2018-03-14,K-Means Clustering in R Tutorial,"Learn all about clustering and, more specifically, k-means in this R Tutorial, where you'll focus on a case study with Uber data.",78
Aditya Sharma,2018-03-09,Convolutional Neural Networks with TensorFlow,"In this tutorial, you'll learn how to construct and implement Convolutional Neural Networks (CNNs) in Python with the TensorFlow framework.",45
Dror Atariah,2018-03-08,From Local Machine to Dask Cluster with Terraform,Learn how you can take local code that does grid search with the Scikit-Learn package to a cluster of AWS (EC2) nodes with Terraform.,21
Manish Pathak,2018-03-07,Feature Selection in R with the Boruta R Package,"Tackle feature selection in R: explore the Boruta algorithm, a wrapper built around the Random Forest classification algorithm, and its implementation!",25
Steph Howson,2018-03-06,Python XML with ElementTree: Beginner's Guide,"Learn how you can parse, explore, modify and populate XML files with the Python ElementTree package, for loops and XPath expressions.",57
Hugo Bowne-Anderson,2018-02-28,Experts' Favorite Data Science Techniques,"What are the most favorite techniques of the professional data scientists interviewed in DataFramed, a DataCamp podcast? Explore all 6 of them in this tutorial!",33
Alan Nichol,2018-02-28,Deploy Your Facebook Messenger Bot with Python,"A step-by-step guide to easily deploying a Facebook Messenger chatbot with Python, using Flask, requests and ngrok. ",81
Arvid Kingl,2018-02-27,Web Scraping in R: rvest Tutorial,"Explore web scraping in R with rvest with a real-life project: extract, preprocess and analyze Trustpilot reviews with tidyverse and tidyquant, and much more!",71
Daniel Poston,2018-02-22,Analyzing Poker Hands with Python,"Analyze poker hands with Python and easily implement statistical concepts such as combinations, permutations, (in)dependent events and expected value.",17
Daniel Gremmell,2018-02-20,Ensemble Learning in R with SuperLearner,"Boost your machine learning results and discover ensembles in R with the SuperLearner package: learn about the Random Forest algorithm, bagging, and much more!",29
Svend Vanderveken,2018-02-14,Generating Realistic Random Datasets with Trumania,"Why do data scientists and data engineers work with synthetic data? How do they obtain it? Discover Trumania, a scenario-based random dataset generator library.",16
Stefan Hosein,2018-02-09,Active Learning: Curious AI Algorithms,"Discover active learning, a case of semi-supervised machine learning: from its definition and its benefits, to applications and modern research into it.",57
Johannes Mueller,2018-02-08,Understanding Blockchains by Coding One in R,Implement a small blockchain in R  and learn more about what a blockchain looks like and some of the core concepts behind it!,138
Sejal Jaiswal,2018-02-07,Python Tuples Tutorial,"Learn about Python tuples: what they are, how to create them, when to use them, what operations you perform on them and various functions you should know.",45
Alexis Perrier,2018-02-06,Google Cloud for Data Science: Beginner's Guide,"Learn to set up a data science environment on Google Cloud: create an instance on Google Compute Engine, install Anaconda and run Jupyter notebooks!",67
Kasper Van Lombeek,2018-02-02,Finding Similar Names with Matrix Factorization,Applying matrix factorization on user clicks on hundreds of names on the recommender system NamesILike.com reveal an unseen structure in our first names.,18
Debbie Liske,2018-02-02,Lyric Analysis with NLP & Machine Learning with R,Dive into the lyrics of Prince's music with R: use text mining and Exploratory Data Analysis (EDA) to shed insight on The Artist's career. ,141
Elias Dabbas,2018-01-26,Data Science for Search Engine Marketing (SEM),"In this tutorial, data science meets Search Engine Marketing: learn to create Google AdWords campaigns by generating keywords and ad templates with Python!",57
Chitrank Dixit,2018-01-25,PEP-8 Tutorial: Code Standards in Python,"With this beginner tutorial, you'll start to explore PEP-8, Python's style guide, so that you can start formatting your code correctly to maximize its readability!",53
Sejal Jaiswal,2018-01-23,Python Iterator Tutorial,"Learn all about the Python iterator, how they differ from iterables and generators, and how to build one yourself with __iter__, __next__ and itertools.",5
Lars Hulstaert,2018-01-19,Transfer Learning: Leverage Insights from Big Data,"In this tutorial, you’ll see what transfer learning is, what some of its applications are and why it is critical skill as a data scientist.",37
Sejal Jaiswal,2018-01-18,Python String Tutorial,"In this tutorial, you'll learn all about Python Strings: slicing and striding, manipulating and formatting them with the Formatter class, f-strings, templates and more!",44
Hugo Bowne-Anderson,2018-01-17,Time Series Analysis Tutorial with Python,Get Google Trends data of keywords such as 'diet' and 'gym' and see how they vary over time while learning about trends and seasonality in time series data.,93
Rounak Banik,2018-01-16,Recommender Systems in Python: Beginner Tutorial,"Learn how to build your own recommendation engine with the help of Python, from basic models to content-based and collaborative filtering recommender systems.",111
Hugo Bowne-Anderson,2018-01-10,Machine Learning with Kaggle: Feature Engineering,"Learn how feature engineering can help you to up your game when building machine learning models in Kaggle: create new columns, transform variables and more!",62
Alexis Perrier,2018-01-05,8 Useful Shell Commands For Data Science,Which shell commands do data scientists use nearly every day? Discover and learn how to use them in this tutorial!,127
Hugo Bowne-Anderson,2018-01-03,Kaggle Tutorial: Your First Machine Learning Model,"Learn how to build your first machine learning model, a decision tree classifier, with the Python scikit-learn package, submit it to Kaggle and see how it performs! ",104
Sejal Jaiswal,2017-12-22,Python Regular Expression Tutorial,"Discover Python regular expressions: find basic and complex patterns, repetitions, or to do (non-)greedy matching, work with the re library and much more!",98
Hugo Bowne-Anderson,2017-12-21,Kaggle Tutorial: EDA & Machine Learning,"In this Kaggle tutorial, you'll learn how to approach and build supervised learning models with the help of exploratory data analysis (EDA) on the Titanic data.",87
Nathaniel D. Phillips,2017-12-20,Fast-and-Frugal Decision Trees in R with FFTrees,An introductory tutorial to fast-and-frugal decision trees in R with the FFTrees package. ,30
Simon Jackson,2017-12-13,Five Tips to Improve Your R Code,"Five useful tips that you can use to effectively improve your R code, from using seq() to create sequences to ditching which() and much more!",121
Sejal Jaiswal,2017-12-12,Python Dictionary Comprehension Tutorial,"Learn all about Python dictionary comprehension: how you can use it to create dictionaries, to replace (nested) for loops or lambda functions with map(), filter() and reduce(), ...!",51
Sejal Jaiswal,2017-12-08,Python Data Structures Tutorial,"Get introduced to Python data structures: learn more about data types and primitive as well as non-primitive data structures, such as strings, lists, stacks, etc.",111
Michael Galarnyk,2017-12-06,AWS EC2 Tutorial For Beginners,Discover why you should use Amazon Web Services Elastic Compute Cloud (EC2) and how you can set up a basic data science environment on a Windows instance.,42
Aditya Sharma,2017-12-05,Convolutional Neural Networks in Python with Keras,"In this tutorial, you’ll learn how to implement Convolutional Neural Networks (CNNs) in Python with Keras, and how to overcome overfitting with dropout.",90
Karlijn Willems,2017-11-23,Formulas in R Tutorial,"Discover the R formula and how you can use it in modeling- and graphical functions of well-known packages such as stats, and ggplot2. ",62
Karlijn Willems,2017-11-16,Pipes in R Tutorial For Beginners,"Learn more about the famous pipe operator %>% and other pipes in R, why and how you should use them and what alternatives you can consider!",124
Karlijn Willems,2017-10-31,Python List Comprehension Tutorial,"Learn how to effectively use list comprehension in Python to create lists, to replace (nested) for loops and the map(), filter() and reduce() functions, ...!",95
Lars Hulstaert,2017-10-19,LDA2vec: Word Embeddings in Topic Models,"Learn more about LDA2vec, a model that learns dense word vectors jointly with Dirichlet-distributed latent document-level mixtures of topic vectors.",57
Satyabrata Pal,2017-10-18,Python Loops Tutorial,"A comprehensive introductory tutorial to Python loops. Learn and practice while and for loops, nested loops, the break and continue keywords, the range function and more!",57
Hugo Bowne-Anderson,2017-10-13,Web Scraping & NLP in Python,"Learn to scrape novels from the web and plot word frequency distributions; You will gain experience with Python packages requests, BeautifulSoup and nltk.",101
Hugo Bowne-Anderson,2017-10-02,"Hierarchical indices, groupby and pandas","In this tutorial, you’ll learn about multi-indices for pandas DataFrames and how they arise naturally from groupby operations on real-world data sets.",53
Hugo Bowne-Anderson,2017-09-26,"Groupby, split-apply-combine and pandas","In this tutorial, you'll learn how to use the pandas groupby operation, which draws from the well-known split-apply-combine strategy, on Netflix movie data.",97
Daniel Poston,2017-09-21,Poker Probability and Statistics with Python,"Tackle probability and statistics in Python: learn more about combinations and permutations, dependent and independent events, and expected value.",60
Andrew Brooks,2017-09-12,Graph Optimization with NetworkX in Python,This NetworkX tutorial will show you how to do graph optimization in Python by solving the Chinese Postman Problem in Python. ,61
Katharine Jarmul,2017-08-24,Detecting Fake News with Scikit-Learn,This scikit-learn tutorial will walk you through building a fake news classifier with the help of Bayesian models. ,82
Karlijn Willems,2017-08-10,Python Seaborn Tutorial For Beginners,This Seaborn tutorial introduces you to the basics of statistical data visualization ,100
Karlijn Willems,2017-07-28,Apache Spark Tutorial: ML with PySpark,"Apache Spark tutorial introduces you to big data processing, analysis and ML with PySpark.",70
Daniel Poston,2017-06-20,Scikit-Learn Tutorial: Baseball Analytics  Pt 2,A Scikit-Learn tutorial to using logistic regression and random forest models to predict which baseball players will be voted into the Hall of Fame,26
Karlijn Willems,2017-06-19,The data.table R Package Cheat Sheet,"The data.table cheat sheet helps you master the syntax of this R package, and helps you to do data manipulations.",26
Yassine Alouini,2017-05-29,5 Tips To Write Idiomatic Pandas Code,This tutorial covers 5 ways in which you can easily write pandorable or more idiomatic Pandas code. ,24
,2017-05-08,Asyncio: An Introduction,A short introduction to asynchronous I/O with the asyncio package. ,9
Daniel Poston,2017-05-04,Scikit-Learn Tutorial: Baseball Analytics Pt 1,A scikit-learn tutorial to predicting MLB wins per season by modeling data to KMeans clustering model and linear regression models. ,35
Juan  Nunez-Iglesias,2017-04-19,Viewing 3D Volumetric Data With Matplotlib,"In this Python tutorial, you'll make use of Matplotlib's event handler API to display the slices of an MRI data set.  ",21
Yan Holtz,2017-04-14,The R Graph Gallery's Top 5 Most Visited Graph Themes,A list of the 5 most popular graphs among R users and enthusiasts. ,11
Jean-Nicholas Hould,2017-04-13,Exploratory Data Analysis of Craft Beers: Data Profiling,"In this tutorial, you'll learn about exploratory data analysis (EDA) in Python, and more specifically, data profiling with pandas.",23
Karlijn Willems,2017-03-28,Apache Spark in Python: Beginner's Guide,"A beginner's guide to Spark in Python based on 9 popular questions, such as how to install PySpark in Jupyter Notebook, best practices,... ",92
Dan Becker,2017-03-23,Deep Learning With Jupyter Notebooks In The Cloud,This step-by-step tutorial will show you how to set up and use Jupyter Notebook on Amazon Web Services (AWS) EC2 GPU for deep learning. ,78
Karlijn Willems,2017-03-15,Python Exploratory Data Analysis Tutorial,"Learn the basics of Exploratory Data Analysis (EDA) in Python with Pandas, Matplotlib and NumPy, such as sampling, feature engineering, correlation, etc.",67
Karlijn Willems,2017-02-22,Matplotlib Tutorial: Python Plotting,"This Matplotlib tutorial takes you through the basics Python data visualization: the anatomy of a plot, pyplot and pylab, and much more",81
Thomas Wielfaert,2017-02-16,Python Dictionary Tutorial,"In this Python tutorial, you'll learn how to create a dictionary, load data in it, filter, get and sort the values, and perform other dictionary operations. ",22
Ted Kwartler,2017-02-09,Algorithmic Trading in R Tutorial,"In this R tutorial, you'll do web scraping, hit a finance API and use an htmlwidget to make an interactive time series chart to perform a simple algorithmic trading strategy",24
Karlijn Willems,2017-02-08,Scipy Tutorial: Vectors and Arrays (Linear Algebra),"A SciPy tutorial in which you'll learn the basics of linear algebra that you need for machine learning in Python, with a focus how to with NumPy.  ",20
Karlijn Willems,2017-01-31,Python Excel Tutorial: The Definitive Guide ,"Learn how to read and import Excel files in Python, how to write data to these spreadsheets and which are the best packages to do this.  ",125
Yao-Jen Kuo,2017-01-27,Scikit-Learn 教學：Python 與機器學習,簡單易懂的 scikit-learn 教學，適合想要使用 Python 實作機器學習的初學者閱讀。,36
Ted Kwartler,2017-01-26,Exploring H-1B Data with R: Part 3,Learn how to geocode locations and map them with R,6
Ted Kwartler,2017-01-19,Exploring H-1B Data with R: Part 2,"Learn even more about exploratory data analysis with R in the second part of the ""Exploring H-1B Data"" tutorial series",4
Ted Kwartler,2017-01-12,Web Scraping and Parsing Data in R |  Exploring H-1b Data Pt. 1,"Learn how to scrape data from the web, preprocess it and perform a basic exploratory data analysis with R ",14
Karlijn Willems,2017-01-10,15 Easy Solutions To Your Data Frame Problems In R,"Discover how to create a data frame in R, change column and row names, access values, attach data frames, apply functions and much more.",49
Karlijn Willems,2016-12-05,40+ Python Statistics For Data Science Resources,A list of Python resources for the eight statistics topics that you need to know to excel in data science,37
Karlijn Willems,2016-10-18,Learn Data Science - Infographic,Start your data science journey now and follow these 8 steps to learn data science.,40
Karlijn Willems,2016-10-12,Python For Data Science - A Cheat Sheet For Beginners,This handy one-page reference presents the Python basics that you need to do data science,34
Karlijn Willems,2016-09-21,Learn Data Science - Resources for Python & R,"Data science resources you haven't considered (yet) - The best projects, tutorials, talks, podcasts, webinars, books, and much more to learn data science.",42
Ted Kwartler,2016-09-02,Text Mining in R: Are Pokémon GO Mentions Really Driving Up Stock Prices?,"Recreate your own news trends feature in R, mining Pokémon GO data from Google News Trends and Yahoo Finance.",5
Jake Moody,2016-08-05,Driving R Adoption in Your Company,Build a better R culture at your company with an internal meetup!,4
Hugo Bowne-Anderson,2016-05-10,Preprocessing in Data Science (Part 3): Scaling Synthesized Data,You can preprocess the heck out of your data but the proof is in the pudding: how well does your model then perform?,8
Hugo Bowne-Anderson,2016-05-03,"Preprocessing in Data Science (Part 2): Centering, Scaling and Logistic Regression",Discover whether centering and scaling help your model in a logistic regression setting.,20
Hugo Bowne-Anderson,2016-04-26,"Preprocessing in Data Science (Part 1): Centering, Scaling, and KNN",This article will explain the importance of preprocessing in the machine learning pipeline by examining how centering and scaling can improve model performance.,25
Karlijn Willems,2015-11-10,The Data Science Industry: Who Does What (Infographic),"This infograph compares the roles of data scientists, data analysts, data architects, data engineers and more in the data science industry.",50
Karlijn Willems,2015-05-12,Choosing R or Python for Data Analysis? An Infographic,"Wondering whether you should use R or Python for your next data analysis post? Check our infographic ""Data Science Wars: R vs Python"".",129
Filip Schouwenaars,2015-03-16,Web Scraping with R and PhantomJS,Short tutorial on scraping Javascript generated data with R using PhantomJS.,6
Karlijn Willems,2015-03-04,How to Speak Data Science,Data Science has its own language. This is a great list of often-heard data science terminology and quotes by Datacamp.,15
Karlijn Willems,2015-02-03,"A data.table R Tutorial:  Intro to DT[i, j, by]",The free data.table R tutorial explains the basics and syntax of the data.table package for R. Master the data.table syntax now.,6
Karlijn Willems,2014-11-10,Become A Data Scientist in 8 Steps: Infographic,This DataCamp infographic outlines how you can become a data scientist in 8 steps. This guide is for everyone interested in data science.,35
Karlijn Willems,2014-08-04,The RDocumentation Poster,"Rdocumentation.org is the only R documentation and R manuals aggregator that lets you search everything from CRAN, Bioconductor and GitHub.",1
Karlijn Willems,2014-06-09,Decimal Comma or Point? A googleVis visualization,Decimal comma or decimal point? A handy tool to indicate the decimal separator used in each country so you never make a mistake in your sheet,2
Karlijn Willems,2014-06-03,What Is the Best Statistical Programming Language? Infograph,"The infograph 'Statistical Language Wars' compares statistical programming language like SAS, R and SPSS to see how they stack up.",5
Karlijn Willems,2014-03-31,Data Science Cartoons: a Top Seven List by DataCamp,The 7 funniest data science cartoons on the web selected by you. A selection made by DataCamp to celebrate April's fools day.,9
Karlijn Willems,2014-03-17,R posts on Stack Overflow | A Top 5 selection by DataCamp,Stack Overflow is a useful resource for technical questions. At DataCamp we wanted to share our favourite R posts on Stack Overflow.,3
Karlijn Willems,2013-12-04,Coursera Courses on R: Complete List Ranked by “Popularity”,"A list of all Coursera courses on R. These courses use R as their first choice, or as one of the statistical software packages for homework.",2
