Id,BIRTHDATE,DEATHDATE,SSN,DRIVERS,PASSPORT,PREFIX,FIRST,LAST,SUFFIX,MAIDEN,MARITAL,RACE,ETHNICITY,GENDER,BIRTHPLACE,ADDRESS,CITY,STATE,ZIP
3287bb9c-e395-4146-8dd5-1fc3d887d220,2015-07-12,,999-82-9751,,,,Victor265,Kilback373,,,,white,polish,M,Newton  Massachusetts  US,657 Heathcote Divide,Fitchburg,Massachusetts,01420
e118c014-fef7-4fbd-8c5d-fe42e9e16d84,2003-04-15,,999-57-7583,S99990332,,,Reena181,Dooley940,,,,hispanic,puerto_rican,F,Ipswich  Massachusetts  US,419 Mraz Ranch Apt 13,Saugus,Massachusetts,01906
4a2a4a0b-0c4a-47b3-9b93-ce82048a41e6,2008-06-26,,999-57-3145,,,,Brinda322,Harber290,,,,white,english,F,Danvers  Massachusetts  US,570 Gleichner Branch Suite 81,Lynn,Massachusetts,01901
2b8a82e1-6a39-4f9a-b595-fb9aeb3769ff,2004-06-22,,999-14-1723,,,,Darcey370,Ryan260,,,,white,french,F,Chicopee  Massachusetts  US,749 McClure Hollow,Dennis,Massachusetts,02638
9f7a639b-d855-44e1-906c-a76b1c106bd8,2012-12-12,,999-31-9816,,,,Lashell363,Rau926,,,,white,italian,F,Milford  Massachusetts  US,345 Crooks Gardens,Medford,Massachusetts,02145
80f783a1-87e5-4f9f-8993-802e949e9f79,2012-10-04,,999-78-9937,,,,Antonio44,Emard19,,,,white,portuguese,M,Porto  Douro Litoral  PT,1002 Koepp Camp,Cambridge,Massachusetts,02138
d4a62a96-1053-4886-a31b-915effa49313,1966-10-02,,999-99-5776,S99944020,X78904142X,Mr.,Samuel331,Kautzer186,,,M,white,irish,M,Chicopee  Massachusetts  US,1006 Kemmer Rest Apt 62,Swansea,Massachusetts,02777
97dce790-67ba-4747-b82c-5c63db01fa32,1937-04-18,,999-77-1888,S99973629,X2444148X,Mrs.,Valorie864,Wuckert783,,Monahan736,M,white,german,F,North Adams  Massachusetts  US,513 Bosco Junction,Lynn,Massachusetts,01901
08f663c6-aa02-469e-b622-ceea42af5d8e,2007-01-01,,999-83-8946,,,,Evan94,Wolf938,,,,white,irish,M,Worcester  Massachusetts  US,443 Sauer Mall,New Bedford,Massachusetts,02740
3ec336a4-76f6-4917-8d9e-6c0c44c1e66c,2001-09-12,,999-17-6302,S99911546,,Ms.,Elenor843,Barrows492,,,,white,english,F,Belchertown  Massachusetts  US,276 Tremblay Drive Apt 98,Quincy,Massachusetts,02169
2e3333e1-c568-4020-9158-7ad140de8495,1967-11-05,,999-97-2196,S99955440,X48391540X,Mr.,Adan632,Fritsch593,,,S,asian,chinese,M,Quincy  Massachusetts  US,524 Yost Loaf,Lynnfield,Massachusetts,01940
ae41f664-2ee2-4435-892f-4ce5346d752e,1998-05-27,,999-26-1450,S99994031,X67016144X,Ms.,Lavinia262,Cartwright189,,,,white,french_canadian,F,Billerica  Massachusetts  US,897 O'Hara Lock,Pembroke,Massachusetts,02359
62054999-299c-413a-acbb-2526211be240,2003-06-22,,999-35-8538,S99922224,,,Freeman822,Gibson10,,,,native,american_indian,M,New Bedford  Massachusetts  US,393 Cummings Ville Unit 47,Boston,Massachusetts,02108
692c0ecc-b64d-405c-935f-fa6972fc3736,1957-02-03,,999-88-1215,S99963039,X71951755X,Mr.,Casey401,Ziemann98,,,M,white,portuguese,M,Braga  Minho  PT,580 Halvorson Burg Apt 92,Somerville,Massachusetts,02138
991c3c4d-ebe0-451b-a460-2d1a02917107,2009-12-15,,999-13-2885,,,,Margarita164,Rice937,,,,white,italian,F,Springfield  Massachusetts  US,416 Rohan Neck,Norton,Massachusetts,02766
52a04730-8f90-47c4-a475-c63197b7cb1e,1981-11-24,,999-69-9462,S99958733,X27330759X,Mrs.,Walter473,Goldner995,,Hyatt152,M,white,irish,F,Lynn  Massachusetts  US,1046 Okuneva Divide Suite 17,Salem,Massachusetts,01907
f225bc72-fa5c-463e-aa7c-2c3eb2bae63f,1987-04-23,,999-59-8490,S99962831,X13463862X,Mr.,Eddie505,Veum823,,,M,white,french_canadian,M,Lenox  Massachusetts  US,865 Schoen Rest Apt 75,Wellesley,Massachusetts,02457
ebd4f876-8216-4672-a550-acca31b0cefe,2016-02-26,,999-16-3782,,,,Manual570,Macejkovic424,,,,hispanic,puerto_rican,M,Templeton  Massachusetts  US,738 Bins Path,Hopkinton,Massachusetts,01748
168fa083-11e1-4e2a-bbde-e9929a537b45,1939-05-17,2012-05-12,999-75-7264,S99966187,X81011753X,Mr.,Luther918,Hessel84,,,M,white,italian,M,Fall River  Massachusetts  US,601 Bergstrom Camp Suite 20,Sutton,Massachusetts,01590
96183d89-5a36-47c7-a981-532eb150bd6a,2002-05-04,,999-99-4445,S99957634,,,Lola232,Centeno914,,,,hispanic,puerto_rican,F,Bayamon  Puerto Rico  PR,650 Feest Alley Suite 72,Westfield,Massachusetts,01085
c3becae5-e2eb-4011-b724-ac37e37bd41c,2003-07-13,,999-47-7703,S99993890,,,Barrie587,Lemke654,,,,white,portuguese,F,Funchal  Madeira  PT,645 Murray Mews,Boston,Massachusetts,02108
32462a40-b631-493a-9cec-18ff62f9e07b,2006-09-05,,999-37-8378,,,,María José279,Mascareñas995,,,,hispanic,puerto_rican,F,Carolina  Puerto Rico  PR,213 Keeling Light,Boston,Massachusetts,02108
b7234bbd-a5cc-40f7-8f8e-dc1c8d524fd9,1995-04-13,,999-70-3468,S99951424,X41152902X,Ms.,Jeanene972,King743,,,,white,scottish,F,East Longmeadow  Massachusetts  US,963 Dibbert Club,Woburn,Massachusetts,01801
f284f81e-1fba-4cac-bfa2-740b5fb09db8,1993-08-19,,999-74-5923,S99997461,X75004995X,Ms.,Merna69,Bauch723,,,,white,french_canadian,F,Stoneham  Massachusetts  US,708 Nader Green,Medfield,Massachusetts,02052
d21ab7ce-95d2-4509-88be-18a78e382c18,1992-02-09,,999-82-9700,S99981169,X70002188X,Mrs.,Palma671,Heathcote539,,Emmerich580,M,white,polish,F,Taunton  Massachusetts  US,985 Hyatt Center,Worcester,Massachusetts,01545
d3365405-5e02-47b5-a26f-5c42c76896e6,2013-09-10,,999-78-5845,,,,Raymond398,Emard19,,,,white,irish,M,Westport  Massachusetts  US,360 Lindgren Gateway Suite 11,Everett,Massachusetts,02148
39493b94-7d99-4924-bdec-62207dde729d,1950-02-06,,999-77-8565,S99925788,X54720543X,Mr.,Darnell564,Quigley282,,,M,black,dominican,M,Uxbridge  Massachusetts  US,637 Cummerata Road Unit 11,Fall River,Massachusetts,02720
10902b98-841b-4052-9b24-aa1fd5b94f3c,1989-05-19,,999-24-6169,S99995926,X45462302X,Mr.,Jordan900,Hamill307,,,M,white,portuguese,M,Porto  Douro Litoral  PT,749 Gutkowski Common,Marlborough,Massachusetts,01752
01c19ef3-c0d2-4358-ba40-d2dd37bff0e0,1939-05-17,2012-05-30,999-16-1967,S99921876,X44071273X,Mr.,Judson999,Ryan260,,,M,white,italian,M,Haverhill  Massachusetts  US,203 Donnelly Center,Sutton,Massachusetts,01590
6bde94f6-0695-426e-bfac-eb8975542a7c,1980-08-01,,999-76-8735,S99978421,X62133511X,Mr.,Otis335,Klein929,,,S,hispanic,south_american,M,Rio de Janerio  Rio de Janerio  BR,392 Kassulke Approach Unit 88,Dartmouth,Massachusetts,02714
465f402d-e540-4a54-b772-188cad87db79,1970-10-17,,999-98-2578,S99990938,X8508752X,Mr.,Humberto482,Rempel203,,,M,white,greek,M,Arlington  Massachusetts  US,655 Boyle Green Suite 55,Sturbridge,Massachusetts,01507
89adc172-4b76-400c-b04a-0352ca311cfd,2004-09-02,,999-74-6255,,,,Carmen818,Tamayo777,,,,black,dominican,F,Salisbury  Saint Joseph Parish  DM,707 Renner Lodge Suite 43,Norwood,Massachusetts,02062
2e81c36d-0554-4e9c-85d9-64b1c84a2f59,1981-09-17,,999-94-2762,S99969007,X13510049X,Mrs.,Stacie105,Dibbert990,,Breitenberg711,M,white,german,F,Attleboro  Massachusetts  US,763 McDermott Harbor,South Hadley,Massachusetts,01075
cc031de3-a705-47ae-8721-2dda9f923d1e,1967-11-06,,999-74-6025,S99966219,X1177641X,Ms.,Marybeth994,Howell947,,,S,white,portuguese,F,Belmont  Massachusetts  US,603 Simonis Junction,Woburn,Massachusetts,01801
b7064a44-ee3b-47b5-81a1-3c342db9709e,1961-07-15,,999-78-3793,S99920237,X20980219X,Mr.,Kristopher775,Hodkiewicz467,,,M,white,italian,M,Boston  Massachusetts  US,984 Luettgen Highlands,Stoughton,Massachusetts,02072
764d9f65-477a-43f5-a5a8-a5590c49b812,1956-04-05,,999-14-1587,S99955828,X6656905X,Mr.,Lewis216,Torphy630,,,M,white,french_canadian,M,Boston  Massachusetts  US,947 Ankunding Dale,Easton,Massachusetts,02334
b5075767-826b-4a3c-aa21-5d148ba952c5,2010-04-02,,999-25-5036,,,,Delmer311,Eichmann909,,,,white,scottish,M,Pittsfield  Massachusetts  US,124 Rogahn Well Suite 43,East Bridgewater,Massachusetts,02333
34189eee-a71d-45d0-98f3-4d4fda97596a,2000-09-13,,999-13-3250,S99984795,,Ms.,Renee555,Friesen796,,,,white,irish,F,Framingham  Massachusetts  US,161 Turcotte Trail,Groton,Massachusetts,01450
20cb0eea-51b3-4e5a-ad58-2214fb86eb09,1989-04-14,,999-24-7841,S99943327,X63371425X,Mrs.,Kiley170,Jacobson885,,Anderson154,M,white,german,F,Easthampton Town  Massachusetts  US,308 Wolff Common Suite 29,Norton,Massachusetts,02766
c36eb6cc-52e8-4900-9059-5e908c710b5c,1969-08-30,,999-26-1384,S99955572,X77271877X,Mr.,Bryan958,O'Connell601,,,M,white,english,M,Haverhill  Massachusetts  US,104 Lueilwitz Bay,Fall River,Massachusetts,02720
6ce90559-56ec-4a39-800c-b34d7518892a,2018-02-15,,999-38-2485,,,,Cristopher265,Fahey393,,,,white,polish,M,Adams  Massachusetts  US,256 Bins Trailer Suite 86,Hopkinton,Massachusetts,01748
bd6cd39e-aabb-459b-9afe-fe2095d5d495,1968-11-10,,999-23-8583,S99977042,X24189979X,Mrs.,Darlene91,Feest103,,Wuckert783,M,white,irish,F,Palmer Town  Massachusetts  US,830 Cormier Dam,Montague,Massachusetts,01351
93af16f7-8197-4911-b48c-95d837cfb65f,1939-05-17,,999-62-6965,S99945710,X15764616X,Mr.,Josh874,Haag279,,,M,white,italian,M,Sudbury  Massachusetts  US,377 Hand Plaza Unit 14,Sutton,Massachusetts,01590
d42ad319-3265-46ea-9981-dfa99a26a88c,1991-04-14,,999-65-3896,S99925206,X17061808X,Ms.,Darby868,Walker122,,,S,white,portuguese,F,Porto  Douro Litoral  PT,890 Torphy Lane Apt 80,Holyoke,Massachusetts,01040
f25e64f4-8b73-4a62-807c-28c8ba6f9807,1951-12-13,2010-02-18,999-55-7741,S99949197,X83334241X,Ms.,Shakira391,Klocko335,,,S,white,scottish,F,Windsor  Massachusetts  US,346 Armstrong Bridge,Wakefield,Massachusetts,01880
56547f6a-e25d-41a5-a28a-d2a6646bb37f,1997-09-25,,999-13-8936,S99921176,X42471459X,Ms.,Cassondra930,Bernier607,,,,white,german,F,Quincy  Massachusetts  US,1042 Kuhic Junction,Sudbury,Massachusetts,01776
01f4b43a-42e0-4d67-b660-df57b19bbee6,1922-04-03,2001-03-22,999-81-3560,S99911446,X16711237X,Mr.,Renaldo199,Yundt842,,,M,white,italian,M,Somerville  Massachusetts  US,126 Sipes Avenue,Sandwich,Massachusetts,02563
597e76c1-9f59-45a0-adaf-109584497b53,2009-06-25,,999-98-9720,,,,Efren426,Mann644,,,,white,american,M,Springfield  Massachusetts  US,479 Rippin Way,Brockton,Massachusetts,02301
00edcb75-7619-4ef2-a162-6566f0ce4386,1970-01-22,,999-35-3720,S99941319,X30930250X,Mr.,Irvin970,Franecki195,,,S,hispanic,puerto_rican,M,Lowell  Massachusetts  US,839 Predovic Port Unit 63,Salem,Massachusetts,01907
239d5dac-11d4-45e5-b333-517c587d1a21,1922-04-03,1949-05-24,999-65-6397,S99969710,X67457301X,Mr.,Eldridge510,Legros616,,,M,white,italian,M,Mansfield  Massachusetts  US,591 Gislason Glen,Sandwich,Massachusetts,02563
26e7d357-039a-4906-8b24-a1809f521e04,1994-10-02,,999-64-7142,S99998574,X67391825X,Mr.,Jules135,O'Kon634,,,,white,italian,M,Belchertown  Massachusetts  US,274 Heathcote Park,Taunton,Massachusetts,02718
c4773187-c9c3-486b-9820-ba9e7d78059f,1945-05-24,1994-04-21,999-14-1396,S99977431,X17769246X,Mr.,Abraham100,Mann644,,,S,black,west_indian,M,Santiago de los Caballeros  Santiago  DO,263 Franecki Grove,Shrewsbury,Massachusetts,01545
620e801b-efe5-4ce5-97ba-9417889f81c1,1943-02-09,2017-10-10,999-59-6354,S99943870,X70266118X,Mr.,Bruno518,Deckow585,,,M,white,french_canadian,M,Sherborn  Massachusetts  US,389 Beer Alley,Ashburnham,Massachusetts,01430
06bc7811-e2cd-469a-bdce-b0408bf996f0,1992-01-30,,999-18-4878,S99926652,X27175419X,Mrs.,Arielle168,Corkery305,,Volkman526,M,white,french,F,Stoughton  Massachusetts  US,332 King Arcade Suite 45,Quincy,Massachusetts,02169
19372680-2c61-4b15-ad5a-d8dd74504c6a,2004-11-05,,999-22-3835,,,,Albert312,Schultz619,,,,white,greek,M,Worcester  Massachusetts  US,782 Konopelski Station,Acton,Massachusetts,01720
f003b56b-655c-4d40-98d0-28533b1c82a1,1951-12-13,,999-82-6759,S99940314,X21595276X,Ms.,Zina602,Klein929,,,S,white,scottish,F,Boston  Massachusetts  US,659 Fahey Dam Unit 50,Wakefield,Massachusetts,01880
91c822f2-c861-4c05-932e-ef19ddd9f0f5,1987-04-26,,999-13-3872,S99955404,X72524871X,Mrs.,Ferne426,Nader710,,Koepp521,M,white,irish,F,Boston  Massachusetts  US,245 Koch Parade Apt 89,Dracut,Massachusetts,01826
741bb993-05ee-4fb4-9076-8d57b14fdc00,1943-02-09,2016-09-20,999-20-7311,S99923854,X68547740X,Mr.,Lazaro919,Will178,,,M,white,french_canadian,M,Hudson  Massachusetts  US,919 Bradtke Rue,Ashburnham,Massachusetts,01430
6b37fc97-3d75-4342-8073-e671bd698aa1,1963-03-09,,999-80-2928,S99981912,X42922748X,Mr.,Rico947,McCullough561,,,M,white,french,M,Shrewsbury  Massachusetts  US,876 Schaefer Avenue,Northborough,Massachusetts,01532
14f8ddd7-a747-4a4c-9221-56f3e001e749,1945-05-24,,999-27-9893,S99996408,X25834124X,Mr.,Rey54,Weber641,,,M,black,west_indian,M,Kingston  Kingston  JM,1014 Gutkowski Mill,Shrewsbury,Massachusetts,01545
9d1b21dc-7c46-43a3-9542-f15fc38dad05,1922-04-03,2010-05-19,999-29-8538,S99987004,X15801423X,Mr.,Douglass930,Beer512,,,M,white,italian,M,North Attleborough  Massachusetts  US,802 Schultz Grove Apt 52,Sandwich,Massachusetts,02563
bd5a2e12-9ecb-43fd-8331-a7bea2d5ec1a,1955-11-30,2011-10-01,999-10-7583,S99998504,X5680295X,Mr.,Cristobal567,Delrío329,,,S,hispanic,puerto_rican,M,Bayamon  Puerto Rico  PR,761 Paucek Branch,Millbury,Massachusetts,01527
e05ba2de-7c6b-4960-a95c-8ea16b38f3ae,1950-12-18,,999-53-7796,S99952817,X41574586X,Mrs.,Merri201,Hoeger474,,Parisian75,M,black,dominican,F,Fall River  Massachusetts  US,146 Dare Loaf Unit 16,Sandwich,Massachusetts,02563
1758b85f-1850-4cf1-82ee-4cf155dfd970,1961-05-19,,999-76-8789,S99939059,X67017973X,Mrs.,Mark765,McLaughlin530,,Miller503,M,white,irish,F,Boston  Massachusetts  US,979 Kris Road,Lowell,Massachusetts,01850
58802700-bf40-4d65-a7d9-e1e79166308e,1971-07-29,,999-43-9764,S99995848,X33682175X,Mr.,Wilton999,Metz686,,,M,white,english,M,Boston  Massachusetts  US,1086 Gutkowski Ferry Unit 13,Fall River,Massachusetts,02720
138fefa8-02e9-4f8f-8bf4-075f2653f94e,1988-11-14,,999-16-9288,S99988719,X63682362X,Mr.,Luis923,Orn563,,,M,white,french_canadian,M,Sandwich  Massachusetts  US,978 Goldner Grove Unit 82,Somerset,Massachusetts,02725
7add3dd0-fd43-4648-bec7-9b88bd3cf90f,2017-05-08,,999-68-1942,,,,Thelma273,Bahringer146,,,,white,french,F,Boston  Massachusetts  US,873 Kulas Way Apt 80,Norwood,Massachusetts,02062
4a0d56a1-c207-469a-82f5-297e4df28da1,1943-02-09,,999-84-6988,S99937465,X10814731X,Mr.,Marcus77,Beier427,,,M,white,french_canadian,M,Worcester  Massachusetts  US,1078 Swift Viaduct Apt 88,Ashburnham,Massachusetts,01430
3f997e82-8584-4653-b84e-0872168871ef,1955-11-30,,999-44-1844,S99929659,X3575896X,Mr.,Patricio639,Zamora648,,,M,hispanic,puerto_rican,M,Ponce  Puerto Rico  PR,270 Donnelly Branch,Millbury,Massachusetts,01527
76a40025-fa5a-4068-9471-c58b6748c323,1973-09-21,,999-90-4626,S99946175,X38255082X,Mr.,Armand155,Stamm704,,,M,white,english,M,Sharon  Massachusetts  US,963 Erdman Throughway Suite 76,Ware,Massachusetts,01082
09be7d24-358f-4327-86b1-2ad7a0d90dba,2018-03-25,,999-74-1237,,,,Gerardo48,Angulo494,,,,black,west_indian,M,Santiago de los Caballeros  Santiago  DO,240 Waters View Unit 86,North Reading,Massachusetts,01864
9b39df70-898d-4d9e-9eb3-6e6a30779dff,1955-03-13,,999-86-9858,S99917535,X4305182X,Mrs.,Beverlee316,Towne435,,Douglas31,M,native,american_indian,F,Stoneham  Massachusetts  US,934 Koss Wynd,Danvers,Massachusetts,01923
f91b781f-84a6-47d6-8868-6b4bac50d64b,1944-05-19,,999-40-1159,S99911159,X66005102X,Mr.,Ernesto186,Casper496,,,M,white,italian,M,Fairhaven  Massachusetts  US,594 Balistreri Street,Boston,Massachusetts,02108
0f00c64a-35c5-440f-87d5-f4ac3a512aca,1922-04-03,2009-10-21,999-69-1020,S99970550,X14913050X,Mr.,Bobby524,Gislason620,,,M,white,italian,M,Middleton  Massachusetts  US,286 Mante Center Suite 80,Sandwich,Massachusetts,02563
fd37c602-2da3-4546-a2c5-10d010a67b50,1996-09-26,,999-40-1286,S99955804,X38832098X,Mr.,Arlen68,Conn188,,,,white,english,M,Beverly  Massachusetts  US,608 Gaylord Village Apt 73,New Bedford,Massachusetts,02740
69fdc4d4-0798-4236-b716-d59191301df9,2002-11-08,,999-49-2295,S99940578,,,Daine571,Gaylord332,,,,white,english,F,Harvard  Massachusetts  US,686 Schroeder Arcade,Medway,Massachusetts,02053
61c8876d-3c36-43bf-8eb6-b0f19c6a86c7,1974-11-01,,999-38-8269,S99964982,X52357616X,Mrs.,Debroah867,Hackett68,,Gislason620,M,white,french,F,Salem  Massachusetts  US,386 Watsica Corner,Brockton,Massachusetts,02301
74953336-e4e1-4ee5-b95b-1f4f44bd53e9,1942-06-19,,999-60-9475,S99997826,X42799384X,Mrs.,Dionne995,Spencer878,,Wisoky380,M,white,italian,F,Milton  Massachusetts  US,422 Schoen Skyway Suite 30,Randolph,Massachusetts,02368
7eac9dd5-8771-421e-b0fb-dbb937bfb538,1922-09-27,2003-04-17,999-45-4129,S99967136,X29148682X,Mr.,Carl856,Waters156,,,M,white,english,M,Attleboro  Massachusetts  US,988 Miller Rest Unit 46,Lowell,Massachusetts,01850
84dc71ee-64e3-49c1-8189-b1d386b72642,1989-07-17,,999-24-1217,S99998290,X18236073X,Mrs.,Quinn173,Hudson301,,Goodwin327,M,white,portuguese,F,Marshfield  Massachusetts  US,981 O'Connell Landing,Raynham,Massachusetts,02767
1e19171a-8faf-45a1-b572-5ad1782191ad,2011-10-02,,999-81-9046,,,,Thu65,Corkery305,,,,white,portuguese,F,Faro  Algarve  PT,576 Marquardt Trail,Upton,Massachusetts,01568
d4926f81-d753-4f40-954d-70d982d366f8,1947-05-03,,999-11-1100,S99948283,X79041303X,Mrs.,Mariah942,Goodwin327,,Kuhic920,M,white,german,F,Revere  Massachusetts  US,683 Stehr Wynd,Newbury,Massachusetts,01951
95af9df5-a99a-430b-8e0b-d74521148614,1960-06-11,1994-08-20,999-69-7573,S99981466,X7825733X,Mr.,Gabriel934,Ramos754,,,M,hispanic,puerto_rican,M,Carolina  Puerto Rico  PR,469 Borer Union Unit 82,Boston,Massachusetts,02108
88285095-2708-42e4-8862-6f4573f801af,1922-04-03,,999-50-3106,S99930973,X2296930X,Mr.,Efren426,Spinka232,,,S,white,italian,M,Beverly  Massachusetts  US,220 Daniel Mall,Sandwich,Massachusetts,02563
5eb2b7cf-4af7-4ea7-8b44-3aa7019343bb,1958-11-22,,999-85-3445,S99940763,X22114274X,Mr.,Sanford861,Smitham825,,,M,black,dominican,M,Dartmouth  Massachusetts  US,936 Abernathy Well,Fall River,Massachusetts,02720
304fa426-3ea6-4246-88eb-4c6a5258426d,1962-06-28,,999-81-2102,S99996105,X44282006X,Mrs.,Alia555,Greenfelder433,,Muller251,M,white,french,F,Concord  Massachusetts  US,747 Yost Junction,Foxborough,Massachusetts,02035
4d451f3a-fe4a-44a3-a218-f9517b6f7e1b,1954-08-17,,999-98-2855,S99977398,X31672781X,Mr.,Juan Carlos348,Corral791,,,M,hispanic,mexican,M,La Paz  Baja California  MX,867 Herman Frontage road,Lancaster,Massachusetts,01523
cbcc669d-cd8c-4d29-a5df-5f08cfa735ad,2019-03-24,,999-81-3048,,,,Kennith515,Jast432,,,,white,irish,M,Weymouth Town  Massachusetts  US,444 Lueilwitz Passage Suite 30,Saugus,Massachusetts,01906
2d3a1681-2657-4d63-aa29-aab723164a70,1971-07-25,,999-21-5853,S99922294,X20287356X,Mr.,Hiram237,Tromp100,,,M,white,irish,M,Mashpee  Massachusetts  US,321 Hermann Port Unit 23,Worcester,Massachusetts,01545
3e97e606-0462-458b-91a4-cf522a8866b9,1922-09-27,1990-03-17,999-27-8520,S99997982,X44500465X,Mr.,Raphael767,Dibbert990,,,M,white,english,M,New Bedford  Massachusetts  US,552 Maggio View,Lowell,Massachusetts,01850
4f97abfc-f768-4336-b46c-5f09d932819b,2018-09-20,,999-94-6251,,,,Cornelius968,Berge125,,,,white,polish,M,Boston  Massachusetts  US,128 Block Spur Suite 6,Amherst,Massachusetts,01002
def52a0c-64ca-4dec-8fc1-222cd8830527,1951-09-17,,999-22-1172,S99988197,X45763897X,Mrs.,Silvia880,Castellanos521,,Montenegro24,M,black,dominican,F,Marigot  Saint Andrew Parish  DM,407 Murphy Junction,Boston,Massachusetts,02108
6bc221c7-14c6-4b21-8e87-53d8359a0f24,1960-06-11,,999-93-3124,S99944645,X48901160X,Mr.,Alejandro916,Granado100,,,M,hispanic,puerto_rican,M,Bayamon  Puerto Rico  PR,1034 Haley Avenue,Boston,Massachusetts,02108
6646cfa8-9009-402d-9a27-7157628b6ad1,1959-03-18,,999-27-3732,S99936060,X62627656X,Mrs.,Anjanette878,Jacobs452,,Witting912,M,asian,chinese,F,Wenham  Massachusetts  US,1016 O'Keefe View Apt 87,Beverly,Massachusetts,01915
a8e6e78a-d1cb-40b5-9e21-0170cda46251,1978-06-04,,999-48-9067,S99953383,X13931890X,Mrs.,Evelyne208,Cruickshank494,,Towne435,M,white,polish,F,Concord  Massachusetts  US,888 Brown Route Unit 66,Bridgewater,Massachusetts,02324
95ff5c82-d256-44ea-95a1-52424c4ed8f4,2003-10-09,,999-36-1034,S99932924,,,Yuko264,Rutherford999,,,,white,english,F,Sterling  Massachusetts  US,833 Koepp Walk,Boston,Massachusetts,02108
c386503a-328d-425e-8671-33f8a97f293f,1949-11-25,,999-56-6050,S99979852,X25731007X,Mr.,Keven605,Stiedemann542,,,M,white,portuguese,M,Yarmouth  Massachusetts  US,752 Hayes Bay Apt 99,West Newbury,Massachusetts,01985
1e4ff724-c462-4573-9882-cee1afc0ce0d,1992-08-04,,999-87-1254,S99919480,X24135314X,Mrs.,Laurice873,Bins636,,Friesen796,M,white,italian,F,Dracut  Massachusetts  US,805 Kessler Avenue,Newton,Massachusetts,02458
3face010-0899-4b89-993e-ff14b4deff28,1922-09-27,1988-10-07,999-89-8223,S99933721,X47369182X,Mr.,Noah480,Gleichner915,,,M,white,english,M,Worcester  Massachusetts  US,391 Funk Glen,Lowell,Massachusetts,01850
542daad0-95c7-4688-8a82-64bc9202d9e7,1968-11-11,,999-58-5867,S99977193,X14723934X,Mr.,Geraldo282,Hudson301,,,M,white,irish,M,Pittsfield  Massachusetts  US,1066 Effertz Green,Sterling,Massachusetts,01564
e841a5e8-9ace-437b-be32-b37d006aef87,1950-03-23,,999-14-8551,S99986354,X48604271X,Mr.,Abe604,Veum823,,,M,asian,asian_indian,M,Rockland  Massachusetts  US,895 Greenfelder Crossing Apt 29,Boston,Massachusetts,02108
6e60d2b0-504b-4627-afb8-9818342dfdd0,1995-01-25,,999-69-3114,S99924956,X65514169X,Ms.,Ileana390,Dicki44,,,,white,irish,F,Braintree Town  Massachusetts  US,486 Pouros Drive Suite 94,Hudson,Massachusetts,01749
ef33b30a-ea55-4966-9959-a0d1b14debeb,1993-10-21,,999-64-7422,S99951518,X88824824X,Mr.,Rigoberto443,Marquardt819,,,,white,english,M,Somerville  Massachusetts  US,1059 Dach Port Suite 81,Woburn,Massachusetts,01801
8e7ffec9-6fab-4852-992d-d59f130d63c4,1965-08-30,,999-40-4363,S99982864,X63521858X,Mrs.,Meaghan273,Pfannerstill264,,Feil794,M,white,english,F,Natick  Massachusetts  US,924 Armstrong Mill,Billerica,Massachusetts,01821
176b5770-98b5-4ba7-8b44-52b3422a64d3,1989-08-11,,999-85-7465,S99920097,X14284798X,Mrs.,Lurlene215,Hodkiewicz467,,Brekke496,M,white,english,F,Hopkinton  Massachusetts  US,416 Huel Knoll,Middleborough,Massachusetts,02346
2c5840e8-107a-4aab-ba55-c5103185b96a,1951-12-24,,999-61-2011,S99928112,X74761850X,Mrs.,Arnette709,Ward668,,Schinner682,M,white,french_canadian,F,Holyoke  Massachusetts  US,527 Schuster Extension Suite 94,Sandwich,Massachusetts,02563
e22fcdf3-e42f-4497-af15-0f611927caf0,1998-02-14,,999-86-1335,S99951895,X26261998X,Ms.,Frieda277,Pacocha935,,,,white,irish,F,Somerset  Massachusetts  US,788 Turner Park Suite 26,Quincy,Massachusetts,02169
4a50ae31-c076-4c83-a5aa-729d621b554a,1990-02-24,,999-42-3649,S99925638,X54287841X,Mr.,Brooks264,Koch169,,,M,white,polish,M,Holyoke  Massachusetts  US,438 Lowe Ramp,Needham,Massachusetts,02492
4e4b6abc-e45d-4964-a590-062e53f262ab,1975-03-04,,999-46-4089,S99934463,X63112797X,Mrs.,Sarah635,McDermott739,,Trantow673,M,white,italian,F,Palermo  Sicily  IT,868 Langosh Crossing Suite 16,Barnstable Town,Massachusetts,02601
6bded7d2-dc6e-4c8c-9803-d9bb81efc814,1922-09-27,2013-11-27,999-97-4446,S99940168,X41709762X,Mr.,Leon728,Nicolas769,,,M,white,english,M,Chicopee  Massachusetts  US,862 Kunde Quay,Lowell,Massachusetts,01850
657eb22f-14c4-45a9-a08c-d499b2b053f7,1915-04-02,1996-03-29,999-91-6702,S99971484,X29997741X,Mrs.,Lettie611,Mohr916,,Gottlieb798,M,white,french_canadian,F,Rockland  Massachusetts  US,151 Hyatt Promenade Unit 67,Amherst,Massachusetts,01002
811360d9-7604-48dd-be41-798cdf4f8cf5,1991-09-07,,999-80-4833,S99976476,X75455988X,Ms.,Tianna963,Tillman293,,,S,white,italian,F,New Bedford  Massachusetts  US,465 Johnston Walk Unit 40,Kingston,Massachusetts,02364
83d3ea06-fb3f-48be-bad2-d17205684ba3,2000-10-13,,999-58-5244,S99973396,,Mr.,Cedrick207,Huel628,,,,white,italian,M,Boston  Massachusetts  US,885 Toy Fort Apt 22,Brockton,Massachusetts,02301
a1d12922-c9d5-40ee-b0bf-fb01d2410bd5,1953-12-24,,999-99-9256,S99942750,X43341472X,Ms.,Mittie376,Runolfsson901,,,S,white,italian,F,Southwick  Massachusetts  US,528 Thompson Route Apt 69,Braintree Town,Massachusetts,02184
039902dd-cfc9-45ec-afba-9f634d7fb439,1954-07-17,,999-16-3303,S99938593,X72623287X,Mr.,Rene434,Davis923,,,M,white,german,M,Waltham  Massachusetts  US,100 Kris Annex,Lawrence,Massachusetts,01840
eb53ceac-3bba-4662-81df-993debe1a367,1915-04-02,1999-10-20,999-46-9508,S99919721,X72212745X,Ms.,Ida350,Kling921,,,S,white,french_canadian,F,Agawam Town  Massachusetts  US,481 Hills Glen,Amherst,Massachusetts,01002
a890d010-1f3c-41ec-b124-f78e95e73997,1922-09-27,1989-11-30,999-83-7877,S99933267,X12285750X,Mr.,Sonny285,Feil794,,,M,white,english,M,Revere  Massachusetts  US,118 Haley Harbor Suite 70,Lowell,Massachusetts,01850
96728a96-19cb-4aa4-9abf-4967ccf91bec,1915-04-02,2013-11-22,999-41-4119,S99963962,X65155388X,Mrs.,Lenora887,McLaughlin530,,McClure239,M,white,french_canadian,F,West Springfield Town  Massachusetts  US,961 Hyatt Terrace,Amherst,Massachusetts,01002
77b69b96-653e-4b5c-b9b5-237b6e710a08,1922-09-27,2016-11-24,999-60-9025,S99952138,X13678117X,Mr.,Ron353,Mayert710,,,M,white,english,M,Rutland  Massachusetts  US,955 Hodkiewicz Wall Suite 33,Lowell,Massachusetts,01850
9e691e1b-c1db-432c-aa86-b3cc256d7d87,1915-04-02,2008-10-06,999-75-2543,S99941364,X58855285X,Mrs.,Tanesha560,Hills818,,Hammes673,M,white,french_canadian,F,Boston  Massachusetts  US,970 Gibson Neck,Amherst,Massachusetts,01002
92748b9f-bc03-4624-b296-37ca503d7af9,1915-04-02,2013-01-08,999-48-9681,S99959757,X52459767X,Mrs.,Kassie598,Koch169,,Dickens475,M,white,french_canadian,F,Lowell  Massachusetts  US,1095 Rice Manor Suite 91,Amherst,Massachusetts,01002
f6a1af15-7afb-4b4a-b951-47c128d6f17f,1922-09-27,1977-10-26,999-93-3628,S99925804,X42046744X,Mr.,Lawrence741,Thiel172,,,M,white,english,M,Plymouth  Massachusetts  US,746 Medhurst Course Apt 69,Lowell,Massachusetts,01850
14a7f20e-db81-446c-8336-ec602e5fd91e,1915-04-02,,999-25-9431,S99931423,X31994044X,Mrs.,Lorinda137,White193,,Shields502,M,white,french_canadian,F,Palmer Town  Massachusetts  US,572 Kuhn Frontage road,Amherst,Massachusetts,01002
4d4f2ce5-a6ba-4478-9849-a9f4dffdeccd,1922-09-27,1991-04-20,999-24-7255,S99936631,X60006941X,Mr.,Taylor21,Rosenbaum794,,,M,white,english,M,Northampton  Massachusetts  US,685 Zboncak Lane,Lowell,Massachusetts,01850
dea372d4-4cb4-427e-b7bc-ba1bd4d18a9e,1922-09-27,1969-11-15,999-34-7091,S99940664,X14414410X,Mr.,Samuel331,Feeney44,,,M,white,english,M,Dartmouth  Massachusetts  US,930 Haag Track,Lowell,Massachusetts,01850
fea3050a-91a9-490e-8379-918369c78467,1922-09-27,1990-08-08,999-82-7825,S99979051,X73336466X,Mr.,Carey440,Haag279,,,S,white,english,M,Natick  Massachusetts  US,795 Flatley Highlands,Lowell,Massachusetts,01850
384dc516-f81a-4b82-a94d-a406e7404dca,1922-09-27,1991-12-28,999-95-6587,S99924308,X26486932X,Mr.,Eduardo902,Dibbert990,,,M,white,english,M,Haverhill  Massachusetts  US,842 Deckow Rest,Lowell,Massachusetts,01850
56b8d0ae-b5f2-4a48-b594-116ffde68ffc,1931-03-16,2018-06-15,999-56-7830,S99970734,X21012048X,Mr.,Keneth579,Runolfsdottir785,,,S,white,english,M,Whately  Massachusetts  US,522 Welch Mill Unit 84,Lowell,Massachusetts,01850
7c61bbbc-650a-4d6c-a8fc-69efba9ccce8,1931-03-16,,999-46-2223,S99965825,X150824X,Mr.,Benito209,Thiel172,,,M,white,english,M,Southwick  Massachusetts  US,166 Goldner Stravenue,Lowell,Massachusetts,01850
